ZywOo;France;970;25491;1.38;1.27;21602;41.3;1.45;
s1mple;Ukraine;1532;40464;1.34;1.25;34647;41.3;1.36;
sh1ro;Russia;847;22465;1.45;1.23;17320;27.9;1.21;
deko;Russia;378;10219;1.37;1.22;8219;36.9;1.21;
Kaze;Malaysia;829;21617;1.32;1.2;16957;30.3;1.24;
degster;Russia;661;17582;1.3;1.19;13820;34.8;1.26;
smooya;United Kingdom;860;22747;1.27;1.18;17883;27.7;1.27;
sterling;New Zealand;844;21625;1.31;1.17;16815;31.5;1.19;
XANTARES;Turkey;1725;45404;1.2;1.17;36911;53.3;1.34;
torzsi;Hungary;428;11450;1.26;1.17;8946;29.2;1.22;
DANK1NG;China;374;9935;1.25;1.16;7867;39.7;1.25;
device;Denmark;1793;46666;1.25;1.16;36293;35.0;1.28;
SENSEi;Ukraine;427;11298;1.33;1.16;8421;31.4;1.17;
NiKo;Bosnia and Herzegovina;1596;42408;1.19;1.16;33800;50.5;1.3;
BnTeT;Indonesia;1016;26493;1.23;1.15;20329;39.8;1.15;
coldzera;Brazil;1410;36822;1.25;1.15;28326;49.4;1.09;
XigN;Korea;694;17953;1.2;1.15;14100;52.3;1.23;
Sico;New Zealand;888;22524;1.29;1.15;16985;35.2;1.18;
blameF;Denmark;834;22326;1.25;1.15;16962;39.2;1.21;
KSCERATO;Brazil;890;23120;1.28;1.15;17117;49.6;1.09;
Benkai;Singapore;603;15560;1.2;1.14;12164;46.7;1.25;
Jame;Russia;1154;30609;1.31;1.14;22028;25.2;1.12;
XELLOW;Romania;1054;27629;1.18;1.14;21580;40.8;1.27;
Texta;Australia;625;15713;1.16;1.13;12510;40.3;1.29;
mhL;Poland;458;12268;1.2;1.13;9397;28.4;1.22;
El1an;Russia;1262;33663;1.23;1.13;25346;27.2;1.22;
oskar;Czech Republic;1458;38450;1.2;1.13;29326;30.5;1.21;
kennyS;France;1852;48898;1.21;1.13;37067;31.2;1.12;
frozen;Slovakia;1168;30540;1.17;1.13;23231;54.8;1.19;
huNter-;Bosnia and Herzegovina;1433;37829;1.16;1.12;29347;49.4;1.24;
mantuu;Poland;682;18286;1.21;1.12;13659;35.8;1.17;
yuurih;Brazil;982;25589;1.19;1.12;19381;44.4;1.16;
erkaSt;Mongolia;859;22286;1.17;1.12;17206;50.2;1.2;
Freeman;Hong Kong;742;18909;1.18;1.12;14338;49.3;1.15;
INS;Australia;932;23654;1.17;1.12;17975;42.4;1.26;
chelleos;New Zealand;559;14429;1.15;1.12;11255;32.0;1.39;
vsm;Brazil;533;14130;1.16;1.12;10883;47.0;1.25;
woxic;Turkey;1131;29650;1.2;1.12;21900;32.3;1.17;
liTTle;Russia;458;12159;1.2;1.12;9317;27.7;1.22;
ropz;Estonia;1090;28804;1.21;1.12;21373;51.7;1.1;
dream3r;Bulgaria;1233;32271;1.21;1.12;24015;49.7;1.06;
kNgV-;Brazil;827;21606;1.17;1.12;16548;32.7;1.22;
Jamppi;Finland;503;13449;1.16;1.12;10302;31.8;1.28;
wrath;United States;525;13568;1.13;1.12;10634;50.1;1.21;
xsepower;Russia;1219;32700;1.24;1.11;23591;24.9;1.2;
oSee;United States;1067;27680;1.19;1.11;20626;31.8;1.14;
PTC;Thailand;476;12393;1.18;1.11;9304;36.1;1.19;
GuardiaN;Slovakia;1568;41069;1.19;1.11;30375;29.6;1.1;
Twistzz;Canada;1336;35058;1.18;1.11;25698;62.3;1.08;
NEOFRAG;Czech Republic;644;17257;1.13;1.11;13155;49.0;1.26;
splashske;Singapore;722;18651;1.15;1.11;14145;38.4;1.25;
dgt;Uruguay;403;10643;1.2;1.11;7848;49.7;1.08;
zorte;Russia;684;18227;1.2;1.11;13326;36.9;1.16;
ottoNd;Finland;853;22545;1.19;1.11;16676;26.8;1.17;
FREDDyFROG;Sweden;1207;32156;1.18;1.11;23743;40.3;1.13;
Brehze;United States;1164;30296;1.14;1.1;23029;52.4;1.15;
Infinite;United States;809;21112;1.14;1.1;15744;50.9;1.17;
TenZ;Canada;401;10399;1.12;1.1;7931;51.3;1.21;
f0rest;Sweden;2083;54162;1.16;1.1;40884;51.9;1.07;
CeRq;Bulgaria;1199;31114;1.18;1.1;22812;27.9;1.16;
Olivia;Thailand;634;16189;1.15;1.1;12279;37.0;1.19;
poizon;Bulgaria;1101;29160;1.15;1.1;21485;33.6;1.2;
mertz;Denmark;955;25333;1.16;1.1;19077;32.5;1.22;
ekul;Australia;449;11608;1.13;1.1;8845;36.6;1.29;
nawwk;Sweden;855;22808;1.19;1.1;16778;35.3;1.09;
WARDELL;Canada;609;15901;1.17;1.1;11627;27.2;1.19;
swag;United States;556;14447;1.18;1.1;10527;49.5;1.09;
hades;Poland;555;14898;1.18;1.1;10992;29.8;1.12;
mir;Russia;980;25665;1.15;1.1;19402;52.2;1.19;
HEN1;Brazil;1076;27940;1.21;1.1;19719;28.6;1.09;
aliStair;Australia;1043;26510;1.17;1.1;19355;35.1;1.21;
h4rn;Bulgaria;511;13616;1.18;1.1;9803;29.1;1.11;
Ax1Le;Russia;920;24383;1.16;1.1;17753;48.9;1.15;
dumau;Brazil;432;11453;1.18;1.1;8417;41.3;1.12;
Calyx;Turkey;1066;27822;1.16;1.1;20404;56.9;1.09;
moose;Canada;752;19559;1.16;1.1;14503;44.1;1.12;
nython;Brazil;477;12731;1.15;1.1;9580;37.9;1.17;
xccurate;Indonesia;698;18113;1.15;1.09;13334;31.2;1.14;
mixwell;Spain;840;21804;1.13;1.09;16275;38.1;1.22;
allu;Finland;1610;42162;1.16;1.09;31240;28.6;1.13;
electroNic;Russia;1279;33752;1.14;1.09;25165;50.5;1.19;
Farlig;Denmark;681;18202;1.16;1.09;13265;33.4;1.14;
syrsoN;Germany;1688;44789;1.16;1.09;32760;29.6;1.2;
lollipop21k;Belarus;1149;30740;1.12;1.09;23157;49.2;1.13;
floppy;United States;791;20779;1.13;1.09;15453;49.4;1.14;
PwnAlone;United States;888;23148;1.15;1.09;16836;31.8;1.17;
Spinx;Israel;405;10737;1.14;1.09;7918;56.9;1.12;
GeT_RiGhT;Sweden;1745;45030;1.15;1.09;33271;49.3;1.03;
JUGi;Denmark;940;24427;1.18;1.09;17527;27.8;1.13;
dexter;Australia;956;24578;1.13;1.09;18309;48.8;1.2;
Cooper;United States;752;19490;1.16;1.09;14332;32.3;1.13;
Sonic;South Africa;940;24238;1.14;1.09;17758;46.6;1.14;
JOTA;Brazil;387;10061;1.14;1.09;7352;41.5;1.14;
zehN;Finland;1073;28305;1.13;1.09;20665;46.0;1.1;
ZOREE;Finland;1656;43985;1.16;1.09;31759;32.2;1.11;
NAF;Canada;1543;40472;1.16;1.09;29440;41.8;1.1;
gas;China;445;11621;1.09;1.09;9038;60.3;1.18;
cynic;United States;625;16171;1.15;1.09;11994;40.7;1.08;
ryx;United States;491;12856;1.14;1.09;9797;36.3;1.11;
mezii;United Kingdom;500;13551;1.14;1.09;9829;49.8;1.08;
BL1TZ;Australia;732;18819;1.13;1.09;13957;43.0;1.15;
ScreaM;Belgium;1430;37087;1.13;1.09;27501;68.1;1.11;
EliGE;United States;1582;41424;1.11;1.09;31338;48.9;1.25;
HaZR;Australia;767;19621;1.1;1.09;14687;55.9;1.19;
faveN;Germany;1315;35117;1.13;1.09;25954;54.4;1.13;
dennyslaw;Bulgaria;1121;30168;1.14;1.09;22051;31.4;1.14;
biguzera;Brazil;575;15308;1.15;1.09;11066;51.3;1.13;
nex;Germany;1074;28389;1.13;1.09;21063;51.5;1.04;
fer;Brazil;1391;36269;1.11;1.09;27300;44.9;1.22;
k0nfig;Denmark;1512;40027;1.09;1.09;30190;55.8;1.2;
valde;Denmark;1230;32676;1.13;1.09;24018;46.8;1.1;
dupreeh;Denmark;1903;49550;1.14;1.09;36431;50.6;1.14;
nukkye;Lithuania;592;15492;1.13;1.08;11227;39.2;1.11;
Attacker;China;1244;32013;1.13;1.08;23926;46.4;1.12;
junior;United States;463;12120;1.18;1.08;8596;29.3;1.08;
exit;Brazil;696;17883;1.17;1.08;12707;45.3;1.01;
Magisk;Denmark;1361;35822;1.14;1.08;25858;47.5;1.12;
Savage;China;836;21434;1.14;1.08;15647;37.0;1.15;
Machinegun;Mongolia;421;10714;1.09;1.08;8143;50.0;1.19;
DJOXiC;Serbia;489;12531;1.15;1.08;9002;29.8;1.16;
Detrony;South Africa;412;10449;1.13;1.08;7633;34.7;1.17;
Summer;China;1251;32235;1.14;1.08;23556;48.8;1.1;
Hatz;Australia;933;23765;1.14;1.08;17120;50.8;1.15;
keev;Germany;594;15524;1.12;1.08;11408;29.1;1.21;
felps;Brazil;998;25554;1.09;1.08;19490;43.9;1.26;
draken;Sweden;1093;28857;1.15;1.08;20821;31.0;1.17;
sergej;Finland;776;20425;1.14;1.08;14855;48.2;1.12;
pz;Australia;426;11132;1.14;1.08;7962;29.3;1.15;
ShahZaM;United States;966;25252;1.13;1.08;18509;34.0;1.16;
jayzaR;Sweden;525;13870;1.1;1.08;10382;36.3;1.21;
FL1T;Russia;1214;32761;1.13;1.08;24004;46.9;1.07;
Ryxxo;Denmark;834;21932;1.14;1.08;15729;33.0;1.12;
MICHU;Poland;1732;45397;1.1;1.08;33874;50.7;1.15;
hAdji;France;1128;29772;1.11;1.08;21859;48.9;1.11;
Rickeh;Australia;948;24829;1.15;1.07;17589;37.8;1.14;
ptr;United States;1132;29624;1.15;1.07;20902;26.0;1.11;
slaxz-;Germany;853;23053;1.14;1.07;16323;29.6;1.14;
Impulse;Serbia;766;20371;1.12;1.07;14644;35.4;1.11;
dapr;United States;594;15426;1.1;1.07;11313;44.1;1.16;
nicoodoz;Denmark;695;18671;1.15;1.07;13211;31.3;1.06;
YEKINDAR;Latvia;1078;28645;1.07;1.07;21415;59.2;1.29;
Liazz;Australia;964;24883;1.14;1.07;17464;45.8;1.08;
meyern;Argentina;426;11104;1.1;1.07;8080;54.1;1.12;
NaToSaphiX;Denmark;948;25338;1.16;1.07;17805;36.8;1.06;
shox;France;1999;52420;1.11;1.07;38385;48.8;1.09;
iDISBALANCE;Russia;856;22672;1.14;1.07;16215;27.0;1.13;
autimatic;United States;1166;30439;1.11;1.07;22601;44.3;1.12;
fejtZ;Estonia;735;19506;1.1;1.07;14402;46.0;1.09;
jks;Australia;1183;30912;1.12;1.07;21807;52.9;1.05;
smike;Ukraine;480;12461;1.08;1.07;9299;33.1;1.24;
NikoM;Argentina;475;12189;1.11;1.07;8906;46.3;1.09;
trk;Brazil;790;20690;1.11;1.07;15052;48.2;1.12;
hallzerk;Norway;746;20275;1.11;1.07;14681;34.1;1.15;
dycha;Poland;766;20522;1.09;1.07;15005;53.8;1.17;
xand;Brazil;515;13210;1.1;1.07;9681;50.2;1.12;
paz;Turkey;1068;27990;1.11;1.07;20217;51.2;1.08;
CRUC1AL;Netherlands;1461;38299;1.11;1.07;27614;28.9;1.15;
InfrequeNt;Australia;479;12350;1.11;1.07;8937;33.8;1.18;
HObbit;Kazakhstan;1147;30237;1.11;1.07;21968;46.6;1.13;
boltz;Brazil;1259;32756;1.13;1.07;23379;39.4;1.09;
EspiranTo;Lithuania;871;22800;1.08;1.07;16973;59.9;1.16;
WorldEdit;Russia;1328;34716;1.11;1.07;25226;28.0;1.15;
QKA;China;402;10409;1.1;1.07;7690;40.4;1.16;
FalleN;Brazil;1538;40215;1.15;1.07;27904;30.8;1.08;
somebody;China;1253;32437;1.1;1.07;23702;45.8;1.16;
Brollan;Sweden;967;25710;1.09;1.07;18732;52.5;1.17;
shroud;Canada;676;17460;1.12;1.07;12588;52.9;1.04;
Pimp;Denmark;976;25052;1.13;1.07;18116;46.6;1.05;
fame;Russia;491;13123;1.1;1.07;9589;57.6;1.15;
hardzao;Brazil;655;17219;1.14;1.07;12073;47.1;1.04;
anarkez;Israel;666;17822;1.11;1.07;12819;30.8;1.18;
roeJ;Denmark;865;22846;1.09;1.07;17051;55.5;1.22;
shz;Brazil;794;20588;1.11;1.07;14776;51.2;1.05;
chelo;Brazil;872;22547;1.1;1.07;16149;60.9;1.15;
DD;China;913;23620;1.1;1.07;17368;41.9;1.13;
broky;Latvia;656;17484;1.14;1.06;12148;38.6;1.01;
NikkeZ;Australia;399;10276;1.08;1.06;7677;46.5;1.15;
snatchie;Poland;1548;41527;1.09;1.06;30062;29.3;1.15;
zhokiNg;China;1197;30537;1.07;1.06;22986;51.0;1.28;
ofnu;New Zealand;852;21778;1.1;1.06;15793;48.9;1.11;
AnJ;Denmark;403;10503;1.11;1.06;7530;50.7;1.09;
Ethan;United States;986;25998;1.09;1.06;18853;49.4;1.18;
Happy;France;1464;37933;1.11;1.06;28022;41.2;1.0;
acoR;Denmark;1057;27637;1.11;1.06;19475;38.1;1.1;
b1t;Ukraine;420;11153;1.11;1.06;7855;68.4;1.12;
SHiPZ;Bulgaria;1645;43845;1.07;1.06;32404;50.0;1.15;
COLDYY1;Ukraine;947;24917;1.11;1.06;17902;55.1;1.07;
flying;China;393;10502;1.08;1.06;7736;50.7;1.08;
SLOWLY;China;523;13867;1.07;1.06;10108;59.4;1.15;
Valiance;Australia;646;16727;1.1;1.06;11723;51.5;1.04;
Skadoodle;United States;1047;27129;1.15;1.06;18365;24.8;0.95;
pancc;Brazil;581;15327;1.08;1.06;11087;53.6;1.15;
b4rtiN;Brazil;512;13404;1.1;1.06;9496;55.3;1.06;
koosta;United States;977;25766;1.08;1.06;18522;37.3;1.12;
Maka;France;1175;31236;1.1;1.06;22108;36.0;1.15;
suNny;Finland;1311;34560;1.07;1.06;25460;47.4;1.14;
tucks;Australia;718;18208;1.1;1.06;12952;43.9;1.11;
TOR;Thailand;452;11472;1.09;1.06;8271;28.9;1.14;
olofmeister;Sweden;1560;40776;1.1;1.06;29037;46.6;1.01;
malbsMd;Guatemala;525;13434;1.04;1.06;10096;62.9;1.2;
nexa;Serbia;1231;32586;1.1;1.05;22808;51.0;1.02;
Gratisfaction;New Zealand;897;23347;1.12;1.05;16191;31.9;1.14;
KEi;Poland;633;17036;1.05;1.05;12649;46.4;1.22;
REDSTAR;Bulgaria;614;16301;1.11;1.05;11529;48.3;1.08;
rallen;Poland;1745;46592;1.1;1.05;33560;43.0;1.12;
Sobol;Poland;775;20957;1.08;1.05;15028;52.1;1.07;
bottle;China;768;19801;1.06;1.05;14489;56.8;1.11;
iM;Romania;763;20486;1.06;1.05;15153;48.7;1.17;
tabseN;Germany;1906;50299;1.04;1.05;36872;48.9;1.24;
ISSAA;Jordan;870;22834;1.09;1.05;16229;55.5;1.06;
zeph;Australia;555;14146;1.06;1.05;10452;48.7;1.21;
Rainwaker;Bulgaria;1077;29055;1.1;1.05;20281;42.5;1.05;
JW;Sweden;1930;50719;1.07;1.05;37047;36.6;1.16;
Ramz1kBO$$;Kazakhstan;425;11070;1.07;1.05;8110;33.8;1.2;
TeSeS;Denmark;799;21344;1.07;1.05;15351;55.3;1.12;
HZ;China;500;12856;1.08;1.05;9305;49.4;1.14;
cajunb;Denmark;1745;45680;1.1;1.05;31980;41.0;1.02;
mou;Kazakhstan;1489;39475;1.1;1.05;28048;28.0;1.13;
juanflatroo;Kosovo;532;14210;1.04;1.05;10762;57.2;1.17;
Grim;United States;870;22901;1.05;1.05;16450;47.9;1.11;
sdy;Ukraine;1054;27638;1.11;1.05;19254;50.8;1.04;
KRIMZ;Sweden;1772;46627;1.1;1.05;32732;40.8;1.01;
Marcelious;Norway;464;12520;1.08;1.05;8902;31.2;1.1;
yay;United States;653;17182;1.05;1.05;12452;46.7;1.16;
Qikert;Kazakhstan;1234;32625;1.09;1.05;22914;56.4;1.09;
refrezh;Denmark;953;25375;1.08;1.05;17918;49.4;1.06;
SicK;United States;795;20701;1.07;1.05;15002;49.8;1.11;
NEEX;Poland;429;11195;1.08;1.05;8076;31.3;1.09;
Aerial;Finland;941;24972;1.07;1.05;17881;41.6;1.13;
stavn;Denmark;1088;28991;1.07;1.05;21088;43.1;1.14;
loWel;Spain;1008;26413;1.1;1.05;18549;47.5;0.97;
Flarich;Latvia;1058;28161;1.1;1.05;19389;55.2;0.98;
raafa;Brazil;640;16832;1.1;1.05;11650;27.4;1.08;
Zellsis;United States;626;16210;1.07;1.05;11657;46.4;1.11;
flusha;Sweden;1868;49019;1.08;1.05;34701;42.0;1.06;
WolfY;United States;527;14037;1.11;1.05;9766;34.7;1.06;
rommi;Russia;516;13467;1.06;1.05;9899;50.8;1.05;
Bwills;United States;747;19299;1.07;1.05;13698;51.4;1.06;
cadiaN;Denmark;1443;38127;1.1;1.05;26511;27.6;1.12;
kabal;Mongolia;771;20216;1.08;1.04;14338;46.0;1.06;
malta;Australia;989;25205;1.09;1.04;17507;39.7;1.08;
MarKE;Mexico;926;23830;1.09;1.04;16750;53.1;1.1;
Swahn;United States;374;9836;1.09;1.04;6902;25.5;1.11;
Kjaerbye;Denmark;1519;39947;1.08;1.04;28410;52.9;1.1;
afro;France;547;14615;1.09;1.04;10077;35.3;1.11;
FASHR;Netherlands;689;18214;1.05;1.04;13083;49.0;1.14;
n0rb3r7;Russia;1049;28055;1.04;1.04;20194;50.8;1.16;
DavCost;Russia;1249;32934;1.09;1.04;23087;32.5;1.08;
zewsy;New Zealand;618;15666;1.06;1.04;11142;41.0;1.11;
STOMP;Poland;809;21729;1.1;1.04;15139;26.1;1.11;
aumaN;China;874;22423;1.08;1.04;15892;41.7;1.11;
jkaem;Norway;1280;33769;1.05;1.04;24647;51.6;1.16;
Snakes;United States;403;10328;1.07;1.04;7287;43.3;1.06;
Hiko;United States;937;24398;1.1;1.04;16611;53.9;0.9;
Geniuss;Thailand;398;10155;1.04;1.04;7345;56.4;1.17;
Snax;Poland;2103;55469;1.08;1.04;39086;36.5;1.07;
KHTEX;Brazil;607;15652;1.09;1.04;10950;45.5;1.05;
Lucky;Denmark;434;11721;1.09;1.04;8079;40.5;1.05;
HSK;Korea;540;13851;1.1;1.04;9678;31.1;1.09;
motm;United States;906;23901;1.05;1.04;17181;51.0;1.1;
fnx;Brazil;644;16496;1.08;1.04;11678;49.7;1.08;
imoRR;Turkey;603;16095;1.02;1.04;11800;50.9;1.28;
twist;Sweden;1683;44551;1.06;1.04;31654;41.3;1.1;
Bubzkji;Denmark;817;21619;1.07;1.04;15534;50.8;1.11;
buster;Kazakhstan;1240;32769;1.1;1.04;22339;47.9;1.03;
eraa;Sweden;556;15093;1.07;1.04;10697;33.2;1.09;
ANDROID;Canada;835;21741;1.07;1.04;15394;50.7;1.02;
LOVEYY;China;708;17977;1.06;1.04;12939;52.0;1.11;
Kntz;Thailand;498;12821;1.08;1.04;9085;47.3;0.99;
Maden;Montenegro;652;17364;1.04;1.04;12632;51.5;1.18;
Lucky;France;1180;31516;1.07;1.03;21748;41.5;1.06;
Davidp;Belgium;774;20539;1.08;1.03;14255;39.7;1.07;
tb;China;619;15737;1.07;1.03;11088;49.9;1.05;
dEE;Serbia;439;11583;1.07;1.03;8169;33.5;1.07;
tarik;United States;1438;37326;1.05;1.03;26620;37.8;1.11;
land1n;Brazil;758;19824;1.1;1.03;13320;31.0;1.06;
F1KU;Poland;576;15684;1.04;1.03;11046;55.0;1.09;
dobu;Mongolia;768;20107;1.05;1.03;14386;54.5;1.14;
REZ;Sweden;1323;34821;1.06;1.03;24506;49.5;1.1;
rAge;Ukraine;382;10184;1.11;1.03;6850;31.8;1.03;
NK4Y;Bulgaria;480;12325;1.05;1.03;8697;62.1;1.03;
sjuush;Denmark;793;20961;1.07;1.03;14395;52.6;1.04;
JUST;Portugal;855;22511;1.06;1.03;15585;55.3;1.03;
USTILO;Australia;1144;29584;1.05;1.03;20847;46.0;1.12;
Subroza;Canada;623;16275;1.03;1.03;11748;48.4;1.19;
TRAVIS;Russia;482;12848;1.05;1.03;9024;54.7;1.14;
JonY BoY;Argentina;418;10732;1.05;1.03;7530;34.8;1.16;
max;Uruguay;538;14230;1.06;1.03;9999;45.8;1.09;
juho;Finland;753;19812;1.02;1.03;14492;45.7;1.19;
DannyG;Australia;377;9748;1.04;1.03;6994;46.5;1.13;
yam;Australia;547;14003;1.07;1.03;9755;34.6;1.15;
fleav;Hungary;548;14421;1.03;1.03;10494;40.5;1.11;
alex;Spain;1265;33492;1.06;1.03;23291;45.8;1.07;
Relaxa;Sweden;1203;32043;1.1;1.03;21475;30.2;1.04;
Lucaozy;Brazil;387;10504;1.06;1.03;7353;50.7;1.06;
znajder;Sweden;1050;27577;1.06;1.03;19778;47.9;1.05;
DEV7L;Czech Republic;549;14256;1.06;1.03;9988;34.2;1.04;
AiyvaN;Ukraine;694;18045;1.05;1.03;12635;37.8;1.11;
DiMKE;Serbia;635;16721;1.04;1.03;11835;46.9;1.08;
captainMo;China;814;20980;1.04;1.03;14956;40.2;1.09;
phzy;Sweden;447;12013;1.08;1.03;8129;28.9;1.01;
KENSI;Russia;476;12789;1.08;1.03;8718;55.3;1.01;
rain;Norway;1569;41489;1.03;1.03;29498;56.2;1.16;
Thomas;United Kingdom;921;24470;1.05;1.03;17428;41.5;1.1;
stfN;Germany;1349;35834;1.06;1.03;24872;46.5;1.06;
Spargo;Finland;433;11725;1.05;1.03;8165;32.9;1.1;
RCF;Brazil;643;16851;1.05;1.03;11965;43.3;1.16;
kressy;Germany;1102;29508;1.06;1.03;20337;47.9;1.01;
Patitek;Poland;377;9918;1.03;1.03;7153;51.6;1.13;
shuadapai;China;549;14214;1.05;1.03;9880;52.4;1.03;
aizy;Denmark;1564;41206;1.04;1.03;28807;50.4;1.05;
cxzi;United States;423;10971;1.01;1.03;7988;37.9;1.19;
FrostMisty;Indonesia;376;9498;1.07;1.03;6710;41.8;1.03;
fl0m;United States;655;17274;1.06;1.03;12087;29.8;1.09;
RIKO;United States;406;10568;1.02;1.03;7573;52.7;1.07;
Forester;Russia;1169;31054;1.05;1.03;21565;53.8;1.08;
dennis;Sweden;1575;41834;1.04;1.03;29842;54.4;1.06;
food;United States;456;11711;1.05;1.03;8248;50.2;1.08;
FaNg;Canada;629;16396;1.05;1.03;11628;56.0;1.09;
flamie;Russia;1601;42283;1.05;1.03;29497;54.5;1.01;
Patsi;Russia;487;13044;1.03;1.03;9244;45.1;1.13;
glowiing;Russia;477;12701;1.02;1.03;9120;55.4;1.15;
pashaBiceps;Poland;1592;41228;1.04;1.02;29501;37.3;1.06;
hoody;Finland;575;15453;1.04;1.02;10871;49.6;1.09;
CyberFocus;Belarus;491;12779;1.04;1.02;9080;29.7;1.16;
Maluk3;Brazil;1024;26554;1.07;1.02;18315;29.2;1.09;
kai;Brazil;483;12692;1.05;1.02;8814;35.3;1.01;
Krad;Russia;1137;30234;1.03;1.02;21101;48.7;1.11;
sLowi;Finland;1119;30068;1.04;1.02;20905;51.6;1.11;
HexT;Canada;461;12242;1.04;1.02;8686;50.2;1.13;
smiley;Kazakhstan;478;12883;1.08;1.02;8764;28.8;1.07;
niko;Denmark;1211;32024;1.05;1.02;22111;49.4;1.04;
AMANEK;France;1030;27668;1.07;1.02;18691;45.2;1.01;
dragonfly;Denmark;507;13234;1.06;1.02;9094;25.1;1.13;
szejn;Poland;505;13478;1.03;1.02;9375;51.7;1.06;
kolor;Hungary;552;14434;1.03;1.02;10220;27.7;1.11;
JDC;Germany;471;12350;1.04;1.02;8625;51.4;1.06;
NBK-;France;2050;53613;1.04;1.02;37151;53.7;1.06;
DeStiNy;Brazil;1050;27280;1.02;1.02;19569;50.8;1.18;
jdm64;United States;823;21321;1.06;1.02;14626;23.6;1.05;
HS;Estonia;1060;28352;1.02;1.02;20155;49.3;1.09;
bondik;Ukraine;1454;38215;1.06;1.02;26353;47.7;0.97;
MonttY;Slovakia;522;13451;1.04;1.02;9507;46.6;1.07;
mouz;Poland;1696;45068;1.06;1.02;31019;50.2;1.01;
FANAT ROCKA;Russia;465;12150;1.06;1.02;8262;27.1;1.08;
disco doplan;Sweden;1207;32000;1.05;1.02;22193;43.9;1.04;
Tuurtle;Brazil;707;18579;1.04;1.02;13040;54.9;1.1;
Nico;Denmark;399;10074;1.09;1.02;6738;26.0;1.28;
NENO;North Macedonia;647;16756;1.06;1.02;11634;42.4;1.03;
qqGOD;Thailand;584;15180;1.03;1.02;10674;40.9;1.13;
Plopski;Sweden;994;26350;1.05;1.02;18315;41.6;1.06;
Xyp9x;Denmark;1934;50382;1.08;1.02;33274;41.6;0.97;
MoeycQ;Australia;639;16594;1.04;1.02;11650;36.9;1.04;
Spongey;United States;782;20344;1.08;1.02;13495;50.7;0.94;
v1c7oR;Bulgaria;1859;48493;1.04;1.02;33791;46.3;1.1;
apEX;France;1953;51220;1.02;1.02;36577;51.8;1.09;
spaze;Russia;538;14117;1.01;1.02;10281;52.0;1.04;
Goofy;Poland;1101;29782;1.02;1.02;21027;41.2;1.12;
b0denmaster;Sweden;489;13074;1.05;1.02;8954;33.7;1.12;
mar;Bulgaria;724;19174;1.03;1.02;13419;48.5;1.08;
Ace;United States;456;11866;1.08;1.02;7922;31.4;1.03;
Markoś;Poland;666;17918;1.07;1.02;12079;29.6;1.03;
dimasick;Kazakhstan;585;15322;1.04;1.02;10747;49.1;1.03;
yel;Brazil;927;23986;1.07;1.02;16210;29.8;1.06;
iDk;Brazil;832;21692;1.04;1.02;15092;47.0;1.09;
queztone;Slovakia;709;18569;1.02;1.02;13135;44.7;1.06;
ROBO;Belarus;667;17746;1.05;1.02;12328;45.6;1.04;
steel;Canada;617;16290;1.02;1.02;11498;45.7;1.16;
TENZKI;Denmark;1494;39305;1.05;1.02;26979;52.9;1.03;
fr0slev;Denmark;611;15973;1.04;1.02;11143;48.0;1.02;
LETN1;Serbia;1111;28880;1.06;1.02;19347;49.6;1.03;
fox;Portugal;1057;27606;1.03;1.02;19440;32.0;1.18;
n0thing;United States;813;21021;1.03;1.02;14720;52.6;1.01;
SKYTTEN;Sweden;382;10157;1.05;1.02;7087;45.2;1.06;
roseau;Indonesia;412;10376;1.02;1.02;7419;40.4;1.15;
roca;United States;660;17324;1.02;1.02;12336;51.4;1.06;
flickz;Australia;461;11606;1.05;1.02;7976;48.3;1.05;
xCeeD;United States;435;11264;1.02;1.02;7858;44.1;1.1;
Jyo;Estonia;1163;31088;1.05;1.01;21200;40.7;1.04;
chrisJ;Netherlands;1727;45400;1.04;1.01;31011;41.5;1.02;
aproto;United States;383;10053;1.01;1.01;7153;57.8;1.03;
Nodios;Denmark;718;19257;1.04;1.01;13132;53.9;1.0;
bedonka;Australia;379;9815;1.02;1.01;6857;53.7;1.07;
es3tag;Denmark;1291;33835;1.03;1.01;23231;35.6;1.08;
Voltage;United States;420;10848;1.08;1.01;7099;28.5;0.98;
delboNi;Brazil;514;13313;1.03;1.01;9153;44.8;0.98;
Kylar;Poland;577;15557;1.03;1.01;10655;58.9;1.02;
byali;Poland;1841;48359;1.04;1.01;33745;51.6;1.0;
GruBy;Poland;1644;43738;1.03;1.01;30241;42.5;1.05;
Zyphon;Denmark;403;10629;1.04;1.01;7365;51.3;1.04;
PlesseN;Sweden;1259;33706;1.01;1.01;23886;54.5;1.16;
desi;United States;430;10986;1.01;1.01;7826;51.5;1.07;
arT;Brazil;968;25108;1.01;1.01;17866;34.4;1.28;
b0RUP;Denmark;1405;37152;1.02;1.01;25466;63.8;1.06;
HUGHMUNGUS;Australia;743;19269;1.04;1.01;13159;50.7;1.03;
tatazin;Brazil;760;19926;1.08;1.01;12958;46.3;0.9;
Swisher;United States;566;14759;1.02;1.01;10359;47.5;1.1;
Maikelele;Sweden;1067;28134;1.05;1.01;18850;37.0;1.03;
Lekr0;Sweden;1302;34804;1.03;1.01;24036;51.5;1.05;
mitch;United States;807;20719;1.05;1.01;14179;44.4;1.05;
shokz;Estonia;606;16120;1.03;1.01;10960;53.8;1.04;
hampus;Sweden;1347;35837;1.01;1.01;25171;40.5;1.15;
Noobster;Australia;496;12790;1.02;1.01;8741;34.5;1.11;
Viva;China;597;15834;1.05;1.01;10605;46.0;1.04;
ap0c;Australia;914;23404;1.02;1.01;16396;50.8;1.09;
jedqr;Poland;810;21955;1.04;1.01;15083;53.5;1.03;
obj;Portugal;418;10936;1.06;1.01;7278;31.6;1.01;
1962;Argentina;572;14881;1.0;1.01;10539;53.8;1.14;
spyleadeR;Bulgaria;899;23232;1.01;1.01;16849;42.3;1.17;
SHOCK;Czech Republic;671;18014;1.03;1.01;12110;55.5;0.99;
kreaz;Sweden;696;18462;1.04;1.01;12487;47.3;1.0;
EasTor;Spain;493;13123;1.04;1.01;8883;28.3;1.02;
mirbit;Germany;866;23162;1.06;1.01;15351;44.0;0.95;
stadodo;Portugal;756;19878;1.04;1.01;13406;40.4;1.12;
Friis;Denmark;938;24254;1.05;1.01;16356;26.3;1.05;
grux;Sweden;490;13084;1.03;1.01;9112;67.1;1.01;
dazzLe;United States;690;17971;1.0;1.01;12753;42.0;1.15;
ayaya;China;462;11695;1.01;1.01;8333;40.3;1.12;
reatz;Poland;1507;40520;1.03;1.01;27899;51.5;0.99;
Stewie2K;United States;1525;39802;1.01;1.01;27664;49.4;1.16;
kalinka;Lithuania;855;22891;1.01;1.01;16112;52.8;1.1;
Jinxx;Australia;400;10511;1.04;1.01;7054;52.7;0.94;
to1nou;Belgium;850;22377;1.04;1.01;15196;30.5;1.01;
siuhy;Poland;476;12737;1.0;1.01;8914;53.3;1.12;
DickStacy;Australia;624;15708;1.03;1.01;10534;48.9;1.06;
jR;Ukraine;892;23804;1.04;1.01;16101;34.0;1.07;
DESPE;Turkey;468;12127;1.04;1.01;8068;29.8;1.04;
kioShiMa;France;1495;39250;1.05;1.01;26259;51.3;0.97;
zqkS;Brazil;750;19393;1.06;1.01;12827;28.8;1.05;
speed4k;Russia;767;20579;1.04;1.01;13678;39.2;1.01;
FugLy;United States;1083;28153;1.03;1.01;18921;43.4;0.98;
emagine;Australia;751;18931;1.04;1.01;12837;45.9;1.0;
Polt;Russia;510;13490;1.05;1.01;9270;49.2;1.0;
Nifty;United States;865;22686;1.02;1.01;15336;36.3;1.08;
Tsogoo;Mongolia;472;12038;1.02;1.0;8486;52.9;1.04;
MINISE;Poland;1871;49905;1.02;1.0;34615;39.7;1.14;
waterfaLLZ;Russia;899;23842;1.02;1.0;16371;27.1;1.09;
pounh;Lithuania;401;10552;1.01;1.0;7289;49.5;1.03;
Zero;Slovakia;1067;28407;1.04;1.0;19051;49.1;0.96;
innocent;Poland;1753;46132;1.02;1.0;31986;45.9;1.03;
Relyks;United States;832;21258;1.01;1.0;14589;48.8;1.01;
fenvicious;Russia;729;19059;1.01;1.0;13225;52.7;1.02;
nitr0;United States;1369;35665;1.03;1.0;24080;44.4;1.01;
glace;Denmark;589;15307;1.04;1.0;10395;52.2;1.0;
Oderus;United States;473;12356;0.99;1.0;8738;34.3;1.15;
1uke;Russia;623;16179;1.02;1.0;11017;26.4;1.16;
Edward;Ukraine;1473;38787;1.03;1.0;26683;51.1;0.98;
leo_drk;Brazil;597;15378;1.0;1.0;10622;51.6;1.11;
R0b3n;Latvia;526;13849;1.03;1.0;9427;49.8;0.98;
dzt;Brazil;674;17454;1.01;1.0;11985;46.4;1.11;
SIXER;France;1084;28593;1.05;1.0;18826;39.0;0.95;
ALLE;Brazil;408;10832;1.02;1.0;7396;49.5;1.06;
Lack1;Kazakhstan;879;23516;1.01;1.0;16122;45.6;1.07;
hazed;United States;736;19138;0.99;1.0;13273;49.8;1.12;
xiaosaGe;China;847;22333;1.0;1.0;15686;47.7;1.11;
almazer;Russia;1302;35000;1.03;1.0;23468;51.9;1.0;
kenzor;Ukraine;598;15627;1.01;1.0;10785;54.8;1.04;
Djoko;France;459;12166;1.0;1.0;8338;61.5;1.08;
cbbk;Thailand;404;10342;1.02;1.0;7029;51.2;1.02;
KILLDREAM;Portugal;429;11159;1.0;1.0;7851;44.2;1.15;
Basso;Denmark;582;15218;1.03;1.0;10081;53.0;0.92;
RoLEX;Thailand;492;12610;1.0;1.0;8834;51.2;1.08;
SZPERO;Poland;2049;54181;1.02;1.0;36871;33.4;1.06;
zeff;Korea;482;12229;1.01;1.0;8381;42.0;1.15;
cromen;Norway;653;17335;1.01;1.0;11785;52.8;1.06;
adreN;United States;697;18241;1.03;1.0;12259;35.3;1.02;
supra;Estonia;531;14249;1.01;1.0;9463;57.9;1.05;
MODDII;Sweden;1169;30527;1.02;1.0;20574;52.4;1.02;
mopoz;Spain;1108;29419;1.0;1.0;19981;51.6;1.1;
void;Australia;437;11368;1.02;1.0;7854;40.0;0.96;
pyth;Sweden;756;19801;1.0;1.0;13677;56.0;0.96;
mds;Belarus;1087;29074;1.02;1.0;19543;53.4;1.0;
cam;United States;544;13974;1.02;1.0;9454;50.8;1.02;
freakazoid;United States;886;22716;1.0;1.0;15788;46.8;1.09;
xseveN;Finland;1273;33658;1.02;1.0;22753;46.2;1.06;
Jerry;Russia;1528;41085;1.01;1.0;28109;45.8;1.06;
peet;Poland;379;9993;1.01;1.0;6788;34.0;1.09;
STYKO;Slovakia;1530;40320;1.02;1.0;26959;57.5;0.99;
pecks;Australia;389;9930;1.03;1.0;6620;45.9;0.96;
ImpressioN;Singapore;663;17155;1.01;1.0;11760;48.8;1.06;
Noktse;Argentina;774;20247;1.02;1.0;13629;39.5;1.1;
Liki;Australia;387;9810;1.03;1.0;6475;43.4;1.01;
truth;Norway;479;12857;1.01;1.0;8886;51.4;1.01;
vice;United States;493;12707;1.01;1.0;8668;49.4;1.02;
Bååten;Sweden;738;19661;1.0;1.0;13293;56.5;1.01;
notaN;Denmark;421;11165;1.01;1.0;7494;49.3;1.0;
reversive;Argentina;609;15928;1.02;1.0;10800;43.6;1.04;
Cabbi;Denmark;435;11597;0.98;1.0;8085;55.7;1.09;
uli;Finland;560;15011;1.02;1.0;10203;48.7;1.02;
VINI;Brazil;955;24849;1.0;1.0;16583;48.8;1.02;
Vegi;Poland;773;21111;0.99;0.99;14720;47.5;1.07;
freddieb;Sweden;1135;30119;1.01;0.99;20728;52.9;1.07;
MUTiRiS;Portugal;1201;31370;1.01;0.99;21614;50.7;1.08;
SEMPHIS;Canada;848;21936;1.0;0.99;15472;36.5;1.02;
dephh;United Kingdom;768;20106;0.98;0.99;14252;47.6;1.16;
DeathZz;Spain;483;12896;1.02;0.99;8580;49.6;0.95;
magixx;Russia;610;16094;1.03;0.99;10473;57.6;0.98;
robiin;Sweden;1502;40013;1.0;0.99;27500;48.0;1.07;
YDNA;Australia;435;11265;1.01;0.99;7636;38.9;1.06;
gMd;Canada;464;12098;0.99;0.99;8389;53.5;1.06;
ALEX;United Kingdom;1162;30750;0.98;0.99;21407;47.3;1.09;
markeloff;Ukraine;1143;29624;1.03;0.99;19780;41.6;0.96;
xelos;Sweden;431;11391;1.0;0.99;7845;48.4;1.04;
Puls3;United Kingdom;436;11572;1.01;0.99;7860;43.3;1.03;
neptune;United States;498;13218;1.0;0.99;9091;55.4;1.03;
rbz;Australia;647;16903;1.01;0.99;11278;48.9;0.96;
BENDJI;Sweden;878;23318;1.01;0.99;16055;32.5;1.06;
dukefissura;Kazakhstan;381;10223;0.98;0.99;7230;60.7;1.14;
jaxi;Romania;472;12125;1.02;0.99;8103;40.5;1.01;
BARBARR;Sweden;876;23180;1.0;0.99;15776;42.7;1.07;
kory;Hungary;462;12291;0.99;0.99;8572;54.5;1.13;
Dima;Russia;1310;34466;0.98;0.99;23782;52.5;1.13;
JIaYm;Russia;523;14183;0.97;0.99;10080;52.5;1.14;
bubble;Bulgaria;2169;56914;1.02;0.99;37971;41.4;1.02;
ANGE1;Ukraine;1728;45027;0.98;0.99;31392;51.3;1.18;
kaboose;United States;549;14235;0.97;0.99;10006;54.9;1.09;
facecrack;Russia;1682;44893;0.98;0.99;31273;48.4;1.11;
Drone;United States;454;11841;0.98;0.99;8164;61.8;1.06;
JACKZ;France;1054;27996;0.99;0.99;18860;58.4;1.06;
krii;Latvia;398;10522;1.0;0.99;7051;49.0;0.96;
k1to;Germany;1215;32305;0.98;0.99;22039;57.9;1.04;
sXe;Romania;567;14684;0.99;0.99;9901;42.9;0.99;
Dosia;Russia;1431;37517;1.01;0.99;25227;48.1;0.95;
morelz;Poland;1057;28098;0.99;0.99;19525;46.8;1.07;
realziN;Brazil;538;14256;1.01;0.99;9393;49.8;1.02;
vanity;United States;609;15688;1.01;0.99;10461;41.8;1.05;
fitch;Kazakhstan;574;15207;0.98;0.99;10410;52.6;1.1;
larsen;Denmark;604;15968;1.01;0.99;10553;30.1;1.03;
gade;Denmark;964;25326;0.99;0.99;16756;53.6;1.01;
SAGGERTON;Finland;540;14097;0.98;0.99;9723;42.6;1.1;
rmn;Portugal;1095;28607;1.0;0.99;19488;54.3;1.04;
jabbi;Denmark;754;20232;1.01;0.99;13477;59.9;1.0;
gla1ve;Denmark;1642;43152;1.01;0.99;28596;46.4;1.05;
pesadelo;Brazil;576;15041;0.98;0.99;10344;44.4;1.05;
Lukki;Denmark;893;23437;1.0;0.99;15622;51.2;0.98;
AZR;Australia;1093;28528;0.99;0.99;19524;51.5;1.0;
Daffu;Denmark;674;17998;1.01;0.99;11909;51.9;0.97;
ryotzz;Brazil;447;11613;0.98;0.99;7922;37.2;1.1;
djay;Canada;814;21042;0.99;0.99;14279;48.1;1.0;
J1rah;Australia;782;20288;1.0;0.99;13457;46.1;1.03;
Jonji;Canada;1048;26854;0.98;0.99;18738;40.8;1.19;
Furlan;Poland;2071;55137;0.98;0.99;37359;53.0;1.09;
DAVEY;Canada;800;20694;0.98;0.99;14126;41.3;1.04;
WOOD7;Brazil;539;14068;1.04;0.98;9188;30.5;0.98;
bodyy;France;1297;34380;0.99;0.98;23116;56.2;1.06;
stellar;United States;427;10968;1.0;0.98;7396;45.7;0.98;
Xizt;Sweden;1665;42830;1.02;0.98;28491;46.8;0.88;
RUBINO;Norway;998;26140;0.99;0.98;17632;52.5;0.97;
AdreN;Kazakhstan;1767;46454;0.99;0.98;31357;48.8;1.05;
apocdud;Australia;726;18826;1.0;0.98;12712;36.9;1.07;
bew;United States;376;10079;0.99;0.98;6854;50.7;1.03;
ryann;United States;697;17857;0.98;0.98;12192;55.1;1.07;
Zix;Bulgaria;400;10329;0.98;0.98;7076;54.4;1.05;
NickelBack;Russia;1353;35983;1.0;0.98;23867;39.8;1.0;
DeadFox;Hungary;807;21060;1.0;0.98;13856;38.4;0.98;
isak;Sweden;577;15635;1.0;0.98;10279;49.9;0.98;
NEKIZ;Brazil;946;24853;0.99;0.98;16791;48.0;1.06;
Perfecto;Russia;683;18051;1.04;0.98;11255;46.7;0.88;
zende;Sweden;397;10444;1.0;0.98;7064;47.7;1.02;
bq;Sweden;395;10650;0.97;0.98;7291;53.1;1.05;
chop;United States;419;11175;0.99;0.98;7451;52.6;0.98;
raalz;Denmark;875;23616;0.99;0.98;15684;58.2;1.01;
anger;United States;682;17700;0.98;0.98;12065;50.9;1.0;
Spiidi;Germany;2021;53639;1.0;0.98;34932;40.4;0.93;
Llamas;Australia;451;11530;1.0;0.98;7596;49.1;0.92;
doto;Finland;648;17287;0.98;0.98;11512;54.8;1.05;
tifa;Brazil;407;10476;0.98;0.98;7090;45.7;1.04;
sinnopsyy;Kosovo;607;16310;0.96;0.98;11294;57.3;1.11;
kwezz;Denmark;596;15981;0.99;0.98;10455;55.4;0.93;
SHOOWTiME;Brazil;967;25003;0.98;0.98;16940;45.4;1.06;
Boombl4;Russia;1073;28421;0.98;0.98;18991;41.6;1.09;
BIT;Brazil;727;18792;1.01;0.98;12295;48.2;1.02;
wiz;United States;461;12256;1.01;0.98;7991;28.7;0.97;
syken;Germany;413;10832;0.97;0.98;7450;57.8;1.03;
Radifaction;Norway;506;13559;0.98;0.98;9133;49.9;1.03;
jnt;Brazil;628;16249;1.01;0.98;10397;35.6;0.97;
prt;Brazil;732;18994;0.99;0.98;12697;53.3;0.99;
niki1;Bulgaria;1020;26614;0.98;0.98;17850;48.8;1.06;
BURNRUOk;Australia;860;22168;0.97;0.98;15228;50.7;1.13;
Sergiz;Ukraine;456;12110;1.01;0.98;7819;52.1;0.94;
DeStRoYeR;China;583;15410;0.98;0.98;10479;42.2;1.04;
PERCY;Denmark;1030;27376;0.98;0.98;18369;58.5;1.02;
Fadey;South Africa;659;16952;0.96;0.97;11737;55.0;1.11;
blocker;Bulgaria;864;22973;0.97;0.97;15729;49.3;1.06;
RUSH;United States;1413;36954;0.99;0.97;24435;47.3;0.97;
SPELLAN;Bulgaria;1432;37492;0.99;0.97;24610;39.6;1.01;
RpK;France;1499;39100;0.98;0.97;26056;50.7;0.96;
ZEDKO;Czech Republic;1093;28958;0.99;0.97;19114;52.5;1.01;
mono;Poland;662;17680;1.0;0.97;11640;44.6;0.92;
FinigaN;Russia;496;13338;1.01;0.97;8523;50.5;0.94;
Keoz;Belgium;808;21520;0.96;0.97;14589;54.8;1.07;
leman;Poland;479;12923;0.98;0.97;8483;51.4;0.96;
jmqa;Russia;922;24189;0.98;0.97;16152;51.0;1.0;
Queenix;Denmark;439;11777;0.99;0.97;7553;56.4;0.94;
propleh;Russia;387;10295;0.99;0.97;6836;49.2;0.99;
oskarish;Poland;1026;27320;0.98;0.97;17879;50.4;0.98;
RuStY;Sweden;1284;34707;0.98;0.97;22965;53.0;0.99;
Marek;Taiwan;403;10585;0.98;0.97;6980;52.0;0.98;
seb;United States;603;15586;0.98;0.97;10456;45.5;0.99;
kUcheR;Russia;852;22314;0.99;0.97;14944;44.0;0.99;
stk;Thailand;591;15136;0.98;0.97;10034;42.0;1.0;
ELUSIVE;South Africa;397;10059;1.01;0.97;6410;43.9;0.89;
ice;Kazakhstan;430;11515;0.97;0.97;7708;58.1;1.0;
SOKER;Spain;642;16858;0.96;0.97;11465;42.5;1.07;
DEVIL;France;636;16582;0.97;0.97;11006;48.2;0.99;
seized;Russia;1507;39658;0.98;0.97;26348;45.8;0.97;
MAIROLLS;Thailand;495;12791;0.98;0.97;8516;49.1;0.97;
Drea3er;China;402;10308;0.96;0.97;6976;53.9;1.03;
PKL;Brazil;1117;29211;0.98;0.97;19174;51.9;1.02;
gabesson;Hungary;441;11654;0.97;0.97;7943;42.1;1.0;
Sapec;Sweden;426;11413;0.96;0.97;7729;52.7;1.11;
Mayker;Australia;433;11216;0.97;0.97;7380;49.1;0.95;
TMB;Denmark;685;18224;0.97;0.97;12110;47.3;1.08;
The eLiVe;Slovakia;470;12703;0.98;0.97;8251;52.2;0.97;
KHRN;Finland;935;24443;0.98;0.97;15822;48.0;0.93;
chopper;Russia;1075;28456;0.98;0.97;18598;57.4;1.0;
Leaf;Thailand;398;10120;0.99;0.97;6618;44.2;0.97;
starix;Ukraine;625;16451;0.98;0.97;10761;47.6;0.95;
reltuC;United States;865;22664;1.0;0.97;14788;40.5;0.92;
Surreal;United Kingdom;1507;39489;0.97;0.97;25891;43.6;1.02;
Hyper;Poland;646;16949;0.99;0.96;11144;41.8;0.89;
phr;Poland;1282;34336;0.98;0.96;22492;53.4;0.95;
LUCAS1;Brazil;943;24480;0.97;0.96;16073;47.0;1.03;
Maniac;Switzerland;837;22049;0.97;0.96;14478;39.4;0.97;
nafany;Russia;848;22505;0.96;0.96;14964;51.1;1.09;
SmithZz;France;1161;30130;0.97;0.96;19726;41.4;0.91;
0i;China;475;12428;0.96;0.96;8436;55.9;0.99;
kaper;Poland;536;14240;0.98;0.96;9154;44.2;0.94;
Aleksib;Finland;996;26395;0.98;0.96;16976;39.2;1.03;
SEMINTE;Romania;663;17364;0.96;0.96;11430;49.2;0.97;
SADDYX;Finland;647;17350;0.97;0.96;11404;47.6;0.99;
maeVe;Denmark;487;12606;0.98;0.96;8154;40.5;0.96;
stanislaw;Canada;1306;33769;0.98;0.96;21727;47.5;0.97;
Kairi;Spain;404;10297;0.97;0.96;6763;37.7;1.02;
Tommy;Singapore;387;9900;0.95;0.96;6700;46.0;1.07;
HOLMES;Serbia;430;11258;0.96;0.96;7579;44.9;1.02;
ProbLeM;Russia;540;14671;0.97;0.96;9637;48.9;0.98;
w1nt3r;Kazakhstan;552;14753;0.98;0.96;9468;49.5;0.88;
bodito;Hungary;427;11471;0.95;0.96;7726;46.6;1.02;
xms;France;712;18783;0.95;0.96;12206;59.0;0.99;
tiziaN;Germany;1723;45550;0.97;0.96;29167;56.1;0.96;
Uber;Canada;398;10027;0.96;0.96;6674;50.2;0.98;
JazzPimp;United States;393;10252;0.96;0.96;6989;54.3;1.0;
nbl;Argentina;583;15054;0.96;0.96;10007;51.4;0.99;
Walco;Canada;464;12327;0.95;0.96;8164;57.6;1.08;
Snappi;Denmark;1543;40703;0.97;0.96;26614;45.6;0.97;
glow;Korea;395;10045;0.98;0.96;6438;51.9;0.9;
Kvik;Lithuania;780;20389;0.95;0.96;13682;42.7;1.0;
Kristou;Denmark;390;10304;0.95;0.96;6701;43.7;1.06;
expro;China;418;11095;0.96;0.96;7454;44.7;1.03;
misutaaa;France;408;10800;0.95;0.96;6868;54.5;0.95;
MAJ3R;Turkey;1050;27515;0.97;0.96;17858;48.8;0.99;
LOGAN;France;590;15692;0.97;0.96;10091;55.2;0.95;
RZU;United States;440;11535;0.94;0.96;7820;53.7;1.04;
nosraC;United States;440;11570;0.95;0.96;7686;50.3;1.06;
smF;Denmark;817;21404;0.97;0.96;13649;56.2;0.9;
YJ;Brazil;514;13425;0.99;0.96;8424;41.6;0.89;
kinqie;Russia;631;16775;0.95;0.96;11130;57.1;1.03;
NEO;Poland;2024;52835;0.96;0.96;34327;37.8;0.92;
tahsiN;Germany;591;15363;0.94;0.96;10261;44.7;0.99;
ponczek;Poland;497;13376;0.97;0.95;8543;44.5;0.9;
denis;Germany;1830;48692;0.95;0.95;32721;44.3;1.08;
maNkz;Denmark;649;17421;0.96;0.95;11163;52.3;0.99;
alexRr;Germany;433;11346;0.93;0.95;7438;39.8;1.09;
dezon;Sweden;547;14700;0.97;0.95;9192;52.4;0.92;
dumz;Sweden;455;12074;0.96;0.95;7889;48.4;1.02;
JT;South Africa;1039;26962;0.96;0.95;17282;48.4;1.0;
friberg;Sweden;1957;50987;0.95;0.95;33114;47.3;0.92;
caike;Brazil;501;13104;0.96;0.95;8518;42.6;1.0;
H4RR3;Norway;640;17259;0.94;0.95;11382;50.6;1.06;
TaZ;Poland;2155;56573;0.96;0.95;36859;51.3;0.88;
steel;Brazil;1446;37798;0.97;0.95;24382;40.8;0.96;
devoduvek;France;643;17057;0.95;0.95;11149;49.6;1.0;
dERZKIY;Belarus;408;10641;0.95;0.95;7059;53.8;0.93;
Console;Denmark;708;18612;0.95;0.95;11948;39.5;0.98;
CONNOR93;Canada;449;11544;0.94;0.95;7738;51.7;1.02;
soju_j;New Zealand;554;14231;0.96;0.95;9148;41.2;0.96;
darko;Poland;797;21612;0.95;0.95;14187;44.9;1.03;
PR1mE;Denmark;393;10613;0.95;0.95;6980;54.9;0.99;
KrizzeN;Kazakhstan;763;20020;0.97;0.95;12720;54.9;0.93;
beastik;Czech Republic;661;17753;0.95;0.95;11329;55.3;0.98;
Grusarn;Norway;543;14836;0.93;0.95;9794;63.9;1.05;
RAiLWAY;Russia;438;11779;0.93;0.95;8041;54.5;1.07;
AcilioN;Denmark;1726;45521;0.95;0.95;29475;43.9;0.98;
flashie;Hungary;585;15493;0.95;0.95;10033;41.9;0.91;
strux1;Germany;403;10276;0.96;0.95;6648;36.3;0.82;
ecfN;Germany;426;11214;0.94;0.95;7387;53.8;1.01;
oxygeN;Bulgaria;507;13623;0.95;0.95;8532;59.3;0.96;
Karsa;China;457;11674;0.96;0.95;7360;48.7;0.88;
arvid;Finland;892;23926;0.94;0.95;15577;44.8;1.01;
Inzta;Denmark;754;19798;0.94;0.94;12779;43.9;0.96;
Rock1nG;Bulgaria;883;23271;0.94;0.94;15257;55.3;1.01;
uNdo;Belarus;432;11267;0.95;0.94;7217;54.3;0.89;
vSa;Canada;385;10066;0.95;0.94;6351;42.5;0.83;
Fifflaren;Sweden;538;13220;0.99;0.94;7894;37.5;1.13;
boX;Belarus;1246;33181;0.94;0.94;21451;43.7;1.11;
kzy;Germany;986;25705;0.95;0.94;16400;47.6;0.95;
TOAO;Poland;1103;29449;0.95;0.94;18679;48.0;0.96;
SileNt;United States;624;16235;0.93;0.94;10751;36.1;1.0;
Twixie;Finland;745;20248;0.95;0.94;12849;48.1;0.96;
tonyblack;Russia;826;21699;0.95;0.94;13828;48.6;0.91;
BRACE;Australia;393;10219;0.94;0.94;6566;47.9;0.98;
rafftu;Bulgaria;491;13172;0.94;0.94;8502;51.9;0.95;
arch;Ukraine;593;15530;0.94;0.94;10295;49.0;0.92;
Sidney;Poland;443;11990;0.95;0.94;7423;50.1;0.92;
interz;Russia;830;22053;0.99;0.94;12718;50.1;0.8;
EXUS;Poland;882;23538;0.93;0.94;15251;42.7;1.01;
RIZZZ;Portugal;422;11051;0.93;0.94;7027;52.0;0.94;
LOMME;Denmark;623;16172;0.95;0.94;10221;42.5;0.92;
Polly;Norway;451;11723;0.93;0.94;7542;41.2;0.89;
Ex6TenZ;Belgium;1393;36352;0.96;0.94;22665;41.5;1.01;
ub1que;Russia;491;12691;0.94;0.94;8319;41.8;0.94;
Noisia;Australia;579;15033;0.94;0.94;9682;43.7;0.93;
tutehen;Argentina;447;11563;0.95;0.94;7331;46.1;0.91;
ngiN;Turkey;1025;26895;0.96;0.94;16499;45.3;0.88;
forget;China;442;11512;0.91;0.94;7723;50.3;1.06;
Shakezullah;United States;797;20767;0.96;0.94;12694;42.7;0.89;
repo;Poland;505;13254;0.93;0.94;8647;46.6;0.93;
neaLaN;Kazakhstan;1043;27804;0.93;0.93;18064;55.9;1.0;
DANZ;Australia;391;10173;0.92;0.93;6730;42.6;0.94;
emi;Serbia;1067;27762;0.94;0.93;17763;52.2;0.98;
Duplicate;Bulgaria;804;21453;0.93;0.93;13549;51.5;0.95;
hutji;Russia;453;12010;0.92;0.93;7719;48.4;0.96;
crisby;Germany;1209;31542;0.92;0.93;20610;54.4;0.98;
matty;Poland;536;14203;0.93;0.93;9201;40.6;1.01;
mynio;Poland;764;20489;0.91;0.93;13302;44.5;1.04;
SkulL;Australia;596;15590;0.91;0.93;10266;42.5;1.08;
quix;Sweden;929;24614;0.9;0.93;16451;47.2;1.03;
ztr;Sweden;381;10224;0.92;0.93;6534;51.1;0.95;
kiR;Denmark;555;14958;0.91;0.93;9650;61.5;0.99;
TACO;Brazil;1377;35777;0.94;0.93;21773;50.2;0.9;
aVN;Serbia;550;14647;0.93;0.92;9305;52.9;0.9;
S0tF1k;Russia;1289;33952;0.92;0.92;21364;49.2;0.96;
hitMouse;Belarus;538;14028;0.93;0.92;8785;49.0;0.91;
arki;Spain;860;22588;0.92;0.92;14064;52.5;0.94;
Xp3;France;502;13113;0.91;0.92;8326;39.7;0.97;
sorrow;Kazakhstan;382;10245;0.91;0.92;6548;55.3;0.94;
pNshr;Bulgaria;595;15532;0.92;0.92;9802;43.2;0.91;
MSL;Denmark;1716;44836;0.9;0.92;28913;39.9;1.05;
SANJI;Uzbekistan;743;19879;0.92;0.92;12151;62.2;0.9;
akez;Norway;471;12758;0.9;0.92;8076;55.2;0.91;
ncl;Mongolia;516;13234;0.93;0.92;8238;49.1;0.89;
Luz;Poland;650;17062;0.92;0.92;10767;48.2;0.94;
Zeus;Ukraine;1405;37152;0.92;0.92;23470;43.5;0.88;
nak;Brazil;514;13305;0.92;0.92;8158;44.5;0.88;
arya;United States;440;11291;0.89;0.92;7277;34.9;1.05;
Dav;Serbia;439;11340;0.9;0.92;7107;41.6;0.95;
karrigan;Denmark;1972;51662;0.9;0.91;32278;42.9;0.91;
pietola;Finland;383;10178;0.91;0.91;6256;47.1;0.89;
svyat;Russia;734;19717;0.92;0.91;11975;51.9;0.9;
BTN;Romania;1053;27584;0.9;0.91;17639;53.9;0.95;
xartE;Finland;1151;30254;0.92;0.91;18341;37.1;0.89;
tecek;Poland;376;9987;0.88;0.91;6383;38.1;1.03;
LEGIJA;Germany;869;22614;0.9;0.91;14245;49.8;0.93;
roman;Belarus;414;10880;0.91;0.91;6787;55.0;0.89;
Shara;Ukraine;383;9929;0.9;0.91;6329;51.8;0.98;
wayLander;Russia;794;20857;0.89;0.91;13258;51.8;0.95;
BONA;Finland;476;12674;0.89;0.91;7931;52.1;0.93;
sAw;Finland;1267;33681;0.91;0.9;20522;47.9;0.87;
kRYSTAL;Germany;1858;48588;0.9;0.9;29419;36.7;0.88;
MiGHTYMAX;United Kingdom;1163;30802;0.9;0.9;18176;49.2;0.87;
ben1337;United States;910;23752;0.89;0.9;14572;46.7;0.92;
crush;Ukraine;729;19205;0.89;0.9;11789;52.5;0.91;
balblna;Russia;611;16017;0.89;0.9;9791;49.8;0.89;
sycrone;Denmark;553;14608;0.9;0.9;8771;41.1;0.86;
nkl;Bulgaria;642;16554;0.91;0.9;9990;42.9;0.87;
hooch;Russia;894;23450;0.89;0.9;14410;41.8;0.9;
Golden;Sweden;872;23212;0.88;0.9;14225;53.5;0.92;
lunAtic;Poland;881;23964;0.9;0.9;14608;38.8;0.89;
Adam9130;United Kingdom;435;11715;0.87;0.9;7370;40.1;1.03;
FNS;Canada;953;25080;0.89;0.89;15287;45.9;0.85;
spiker;Russia;415;10974;0.88;0.89;6837;42.7;0.96;
JiNKZ;France;542;14411;0.88;0.89;8657;53.5;0.94;
MAiNLiNE;United States;437;11092;0.87;0.89;6904;51.7;1.0;
Psycho;Ukraine;500;13349;0.88;0.89;8093;52.2;0.88;
pronax;Sweden;1199;31403;0.89;0.89;18722;45.8;0.86;
Polen;United States;435;11470;0.88;0.89;7017;53.3;0.93;
ScrunK;Germany;905;24046;0.86;0.88;14695;46.5;0.95;
Lambert;France;775;20411;0.88;0.88;11962;37.1;0.84;
LeX;United States;463;11937;0.85;0.88;7418;44.7;0.92;
torben;Denmark;532;13939;0.87;0.88;8176;49.5;0.84;
JD;Australia;374;9620;0.85;0.88;6071;47.0;0.98;
seang@res;United States;713;18391;0.87;0.88;10904;40.2;0.87;
daps;Canada;1075;28101;0.87;0.88;16274;40.2;0.83;
advent;China;1066;27341;0.88;0.88;15322;49.9;0.76;
flowsicK;United States;395;10074;0.86;0.87;6257;47.4;0.97;
birdfromsky;Denmark;767;20594;0.86;0.87;12296;41.8;0.98;
BERRY;Denmark;801;20959;0.85;0.87;12969;38.0;0.98;
nawrot;Poland;603;16182;0.85;0.87;9764;47.1;0.91;
HooXi;Denmark;786;20907;0.85;0.87;12188;49.7;0.87;
def;Ukraine;605;15797;0.85;0.86;9243;41.8;0.85;
djL;Sweden;688;18180;0.86;0.86;10263;47.3;0.8;
Devilwalk;Sweden;400;10494;0.85;0.86;6122;51.3;0.91;
Twista;Finland;380;9970;0.84;0.85;5863;35.9;0.82;
gob b;Germany;975;25707;0.84;0.85;14445;48.5;0.84;
Slemmy;United States;445;11663;0.83;0.85;6638;49.6;0.78;
SolEk;Switzerland;377;9498;0.81;0.84;5586;49.5;0.7;
PASHANOJ;Russia;599;15675;0.8;0.84;9147;53.5;0.91;
B1ad3;Ukraine;899;23232;0.8;0.83;13472;41.9;0.84;
netrick;Denmark;455;11976;0.8;0.82;6753;48.2;0.85;
HUNDEN;Denmark;1578;41153;0.78;0.81;22470;48.7;0.8;
RuFire;Russia;384;10185;0.74;0.78;5579;47.9;0.81;
OCEAN;Canada;410;10602;0.74;0.77;5530;44.3;0.72;
